"overnight_category","year","fuel_general","marginal.cost"
"biomass",1990,"biomass",NA
"biomass",1991,"biomass",NA
"biomass",1992,"biomass",NA
"biomass",1993,"biomass",NA
"biomass",1994,"biomass",NA
"biomass",1995,"biomass",NA
"biomass",1996,"biomass",NA
"biomass",1997,"biomass",NA
"biomass",1998,"biomass",NA
"biomass",1999,"biomass",NA
"biomass",2000,"biomass",NA
"biomass",2001,"biomass",NA
"biomass",2002,"biomass",NA
"biomass",2003,"biomass",NA
"biomass",2004,"biomass",NA
"biomass",2005,"biomass",NA
"biomass",2006,"biomass",NA
"biomass",2007,"biomass",NA
"biomass",2008,"biomass",NA
"biomass",2009,"biomass",NA
"biomass",2010,"biomass",NA
"biomass",2011,"biomass",NA
"biomass",2012,"biomass",NA
"biomass",2013,"biomass",NA
"biomass",2014,"biomass",NA
"biomass",2015,"biomass",NA
"biomass",2016,"biomass",NA
"biomass",2017,"biomass",NA
"biomass",2018,"biomass",NA
"biomass",2019,"biomass",NA
"biomass",2020,"biomass",NA
"biomass",2021,"biomass",NA
"biomass",2022,"biomass",NA
"biomass",2023,"biomass",NA
"biomass",2024,"biomass",NA
"biomass",2025,"biomass",NA
"biomass",2026,"biomass",NA
"biomass",2027,"biomass",NA
"biomass",2028,"biomass",NA
"biomass",2029,"biomass",NA
"biomass",2030,"biomass",NA
"biomass",2031,"biomass",NA
"biomass",2032,"biomass",NA
"biomass",2033,"biomass",NA
"biomass",2034,"biomass",NA
"biomass",2035,"biomass",NA
"biomass",2036,"biomass",NA
"biomass",2037,"biomass",NA
"biomass",2038,"biomass",NA
"biomass",2039,"biomass",NA
"biomass",2040,"biomass",NA
"biomass",2041,"biomass",NA
"biomass",2042,"biomass",NA
"biomass",2043,"biomass",NA
"biomass",2044,"biomass",NA
"biomass",2045,"biomass",NA
"biomass",2046,"biomass",NA
"biomass",2047,"biomass",NA
"biomass",2048,"biomass",NA
"biomass",2049,"biomass",NA
"biomass",2050,"biomass",NA
"biomass",2051,"biomass",NA
"biomass",2052,"biomass",NA
"biomass",2053,"biomass",NA
"biomass",2054,"biomass",NA
"biomass",2055,"biomass",NA
"biomass",2056,"biomass",NA
"biomass",2057,"biomass",NA
"biomass",2058,"biomass",NA
"biomass",2059,"biomass",NA
"biomass",2060,"biomass",NA
"biomass",2061,"biomass",NA
"biomass",2062,"biomass",NA
"biomass",2063,"biomass",NA
"biomass",2064,"biomass",NA
"biomass",2065,"biomass",NA
"biomass",2066,"biomass",NA
"biomass",2067,"biomass",NA
"biomass",2068,"biomass",NA
"biomass",2069,"biomass",NA
"biomass",2070,"biomass",NA
"biomass",2071,"biomass",NA
"biomass",2072,"biomass",NA
"biomass",2073,"biomass",NA
"biomass",2074,"biomass",NA
"biomass",2075,"biomass",NA
"biomass",2076,"biomass",NA
"biomass",2077,"biomass",NA
"biomass",2078,"biomass",NA
"biomass",2079,"biomass",NA
"biomass",2080,"biomass",NA
"biomass",2081,"biomass",NA
"biomass",2082,"biomass",NA
"biomass",2083,"biomass",NA
"biomass",2084,"biomass",NA
"biomass",2085,"biomass",NA
"biomass",2086,"biomass",NA
"biomass",2087,"biomass",NA
"biomass",2088,"biomass",NA
"biomass",2089,"biomass",NA
"biomass",2090,"biomass",NA
"biomass",2091,"biomass",NA
"biomass",2092,"biomass",NA
"biomass",2093,"biomass",NA
"biomass",2094,"biomass",NA
"biomass",2095,"biomass",NA
"biomass",2096,"biomass",NA
"biomass",2097,"biomass",NA
"biomass",2098,"biomass",NA
"biomass",2099,"biomass",NA
"biomass",2100,"biomass",NA
"coal",1990,"coal",NA
"coal",1991,"coal",7.79489704817732
"coal",1992,"coal",7.02732441723288
"coal",1993,"coal",6.40607028026777
"coal",1994,"coal",5.88715633385555
"coal",1995,"coal",5.43166604368407
"coal",1996,"coal",5.10823954170842
"coal",1997,"coal",4.89121469976793
"coal",1998,"coal",4.76534044000455
"coal",1999,"coal",4.63609087778496
"coal",2000,"coal",4.56210799146408
"coal",2001,"coal",4.72602710773208
"coal",2002,"coal",4.81687750188842
"coal",2003,"coal",5.13044677097246
"coal",2004,"coal",5.62341003413841
"coal",2005,"coal",6.62434773963867
"coal",2006,"coal",7.59270733986542
"coal",2007,"coal",8.3596420743857
"coal",2008,"coal",10.1565033581748
"coal",2009,"coal",11.7608278461554
"coal",2010,"coal",12.8114950084713
"coal",2011,"coal",14.3148864423509
"coal",2012,"coal",15.3484593252533
"coal",2013,"coal",15.9475135809124
"coal",2014,"coal",16.9459109815422
"coal",2015,"coal",NA
"coal",2016,"coal",NA
"coal",2017,"coal",NA
"coal",2018,"coal",NA
"coal",2019,"coal",NA
"coal",2020,"coal",NA
"coal",2021,"coal",NA
"coal",2022,"coal",NA
"coal",2023,"coal",NA
"coal",2024,"coal",NA
"coal",2025,"coal",NA
"coal",2026,"coal",NA
"coal",2027,"coal",NA
"coal",2028,"coal",NA
"coal",2029,"coal",NA
"coal",2030,"coal",NA
"coal",2031,"coal",NA
"coal",2032,"coal",NA
"coal",2033,"coal",NA
"coal",2034,"coal",NA
"coal",2035,"coal",NA
"coal",2036,"coal",NA
"coal",2037,"coal",NA
"coal",2038,"coal",NA
"coal",2039,"coal",NA
"coal",2040,"coal",NA
"coal",2041,"coal",NA
"coal",2042,"coal",NA
"coal",2043,"coal",NA
"coal",2044,"coal",NA
"coal",2045,"coal",NA
"coal",2046,"coal",NA
"coal",2047,"coal",NA
"coal",2048,"coal",NA
"coal",2049,"coal",NA
"coal",2050,"coal",NA
"coal",2051,"coal",NA
"coal",2052,"coal",NA
"coal",2053,"coal",NA
"coal",2054,"coal",NA
"coal",2055,"coal",NA
"coal",2056,"coal",NA
"coal",2057,"coal",NA
"coal",2058,"coal",NA
"coal",2059,"coal",NA
"coal",2060,"coal",NA
"coal",2061,"coal",NA
"coal",2062,"coal",NA
"coal",2063,"coal",NA
"coal",2064,"coal",NA
"coal",2065,"coal",NA
"coal",2066,"coal",NA
"coal",2067,"coal",NA
"coal",2068,"coal",NA
"coal",2069,"coal",NA
"coal",2070,"coal",NA
"coal",2071,"coal",NA
"coal",2072,"coal",NA
"coal",2073,"coal",NA
"coal",2074,"coal",NA
"coal",2075,"coal",NA
"coal",2076,"coal",NA
"coal",2077,"coal",NA
"coal",2078,"coal",NA
"coal",2079,"coal",NA
"coal",2080,"coal",NA
"coal",2081,"coal",NA
"coal",2082,"coal",NA
"coal",2083,"coal",NA
"coal",2084,"coal",NA
"coal",2085,"coal",NA
"coal",2086,"coal",NA
"coal",2087,"coal",NA
"coal",2088,"coal",NA
"coal",2089,"coal",NA
"coal",2090,"coal",NA
"coal",2091,"coal",NA
"coal",2092,"coal",NA
"coal",2093,"coal",NA
"coal",2094,"coal",NA
"coal",2095,"coal",NA
"coal",2096,"coal",NA
"coal",2097,"coal",NA
"coal",2098,"coal",NA
"coal",2099,"coal",NA
"coal",2100,"coal",NA
"combined cycle",1990,"natural gas",NA
"combined cycle",1991,"natural gas",11.1772080962734
"combined cycle",1992,"natural gas",11.6398631843626
"combined cycle",1993,"natural gas",12.3193543568666
"combined cycle",1994,"natural gas",10.357994223734
"combined cycle",1995,"natural gas",8.90163848323114
"combined cycle",1996,"natural gas",11.4760865223187
"combined cycle",1997,"natural gas",11.641834955955
"combined cycle",1998,"natural gas",9.80607965297743
"combined cycle",1999,"natural gas",10.302824976453
"combined cycle",2000,"natural gas",16.6580529863424
"combined cycle",2001,"natural gas",16.8159725207278
"combined cycle",2002,"natural gas",13.4297070950048
"combined cycle",2003,"natural gas",19.8002007858554
"combined cycle",2004,"natural gas",20.9983582847506
"combined cycle",2005,"natural gas",27.2748921941056
"combined cycle",2006,"natural gas",23.2113026054003
"combined cycle",2007,"natural gas",22.7692550563195
"combined cycle",2008,"natural gas",27.363641712403
"combined cycle",2009,"natural gas",16.0951389751226
"combined cycle",2010,"natural gas",15.6069972164635
"combined cycle",2011,"natural gas",14.0069257326232
"combined cycle",2012,"natural gas",10.2407010779458
"combined cycle",2013,"natural gas",12.0525151930851
"combined cycle",2014,"natural gas",13.59018928857
"combined cycle",2015,"natural gas",NA
"combined cycle",2016,"natural gas",NA
"combined cycle",2017,"natural gas",NA
"combined cycle",2018,"natural gas",NA
"combined cycle",2019,"natural gas",NA
"combined cycle",2020,"natural gas",NA
"combined cycle",2021,"natural gas",NA
"combined cycle",2022,"natural gas",NA
"combined cycle",2023,"natural gas",NA
"combined cycle",2024,"natural gas",NA
"combined cycle",2025,"natural gas",NA
"combined cycle",2026,"natural gas",NA
"combined cycle",2027,"natural gas",NA
"combined cycle",2028,"natural gas",NA
"combined cycle",2029,"natural gas",NA
"combined cycle",2030,"natural gas",NA
"combined cycle",2031,"natural gas",NA
"combined cycle",2032,"natural gas",NA
"combined cycle",2033,"natural gas",NA
"combined cycle",2034,"natural gas",NA
"combined cycle",2035,"natural gas",NA
"combined cycle",2036,"natural gas",NA
"combined cycle",2037,"natural gas",NA
"combined cycle",2038,"natural gas",NA
"combined cycle",2039,"natural gas",NA
"combined cycle",2040,"natural gas",NA
"combined cycle",2041,"natural gas",NA
"combined cycle",2042,"natural gas",NA
"combined cycle",2043,"natural gas",NA
"combined cycle",2044,"natural gas",NA
"combined cycle",2045,"natural gas",NA
"combined cycle",2046,"natural gas",NA
"combined cycle",2047,"natural gas",NA
"combined cycle",2048,"natural gas",NA
"combined cycle",2049,"natural gas",NA
"combined cycle",2050,"natural gas",NA
"combined cycle",2051,"natural gas",NA
"combined cycle",2052,"natural gas",NA
"combined cycle",2053,"natural gas",NA
"combined cycle",2054,"natural gas",NA
"combined cycle",2055,"natural gas",NA
"combined cycle",2056,"natural gas",NA
"combined cycle",2057,"natural gas",NA
"combined cycle",2058,"natural gas",NA
"combined cycle",2059,"natural gas",NA
"combined cycle",2060,"natural gas",NA
"combined cycle",2061,"natural gas",NA
"combined cycle",2062,"natural gas",NA
"combined cycle",2063,"natural gas",NA
"combined cycle",2064,"natural gas",NA
"combined cycle",2065,"natural gas",NA
"combined cycle",2066,"natural gas",NA
"combined cycle",2067,"natural gas",NA
"combined cycle",2068,"natural gas",NA
"combined cycle",2069,"natural gas",NA
"combined cycle",2070,"natural gas",NA
"combined cycle",2071,"natural gas",NA
"combined cycle",2072,"natural gas",NA
"combined cycle",2073,"natural gas",NA
"combined cycle",2074,"natural gas",NA
"combined cycle",2075,"natural gas",NA
"combined cycle",2076,"natural gas",NA
"combined cycle",2077,"natural gas",NA
"combined cycle",2078,"natural gas",NA
"combined cycle",2079,"natural gas",NA
"combined cycle",2080,"natural gas",NA
"combined cycle",2081,"natural gas",NA
"combined cycle",2082,"natural gas",NA
"combined cycle",2083,"natural gas",NA
"combined cycle",2084,"natural gas",NA
"combined cycle",2085,"natural gas",NA
"combined cycle",2086,"natural gas",NA
"combined cycle",2087,"natural gas",NA
"combined cycle",2088,"natural gas",NA
"combined cycle",2089,"natural gas",NA
"combined cycle",2090,"natural gas",NA
"combined cycle",2091,"natural gas",NA
"combined cycle",2092,"natural gas",NA
"combined cycle",2093,"natural gas",NA
"combined cycle",2094,"natural gas",NA
"combined cycle",2095,"natural gas",NA
"combined cycle",2096,"natural gas",NA
"combined cycle",2097,"natural gas",NA
"combined cycle",2098,"natural gas",NA
"combined cycle",2099,"natural gas",NA
"combined cycle",2100,"natural gas",NA
"combined cycle",1990,"oil",NA
"combined cycle",1991,"oil",15.4782271673488
"combined cycle",1992,"oil",15.4526892710512
"combined cycle",1993,"oil",14.5297661081339
"combined cycle",1994,"oil",14.5374800982855
"combined cycle",1995,"oil",15.1673373900485
"combined cycle",1996,"oil",17.1993630173956
"combined cycle",1997,"oil",14.9193020995119
"combined cycle",1998,"oil",10.4875846825839
"combined cycle",1999,"oil",11.5171146051243
"combined cycle",2000,"oil",18.3758665751683
"combined cycle",2001,"oil",14.3909465322643
"combined cycle",2002,"oil",11.9838434772413
"combined cycle",2003,"oil",12.5815998056784
"combined cycle",2004,"oil",10.2075027554095
"combined cycle",2005,"oil",11.0315952945316
"combined cycle",2006,"oil",7.83724737005948
"combined cycle",2007,"oil",3.09037837090648
"combined cycle",2008,"oil",-4.50252495607457
"combined cycle",2009,"oil",-9.78649005042519
"combined cycle",2010,"oil",-22.5020164180688
"combined cycle",2011,"oil",-46.6418795362148
"combined cycle",2012,"oil",-66.3366244554446
"combined cycle",2013,"oil",-78.5745250256796
"combined cycle",2014,"oil",-88.7387238702953
"combined cycle",2015,"oil",NA
"combined cycle",2016,"oil",NA
"combined cycle",2017,"oil",NA
"combined cycle",2018,"oil",NA
"combined cycle",2019,"oil",NA
"combined cycle",2020,"oil",NA
"combined cycle",2021,"oil",NA
"combined cycle",2022,"oil",NA
"combined cycle",2023,"oil",NA
"combined cycle",2024,"oil",NA
"combined cycle",2025,"oil",NA
"combined cycle",2026,"oil",NA
"combined cycle",2027,"oil",NA
"combined cycle",2028,"oil",NA
"combined cycle",2029,"oil",NA
"combined cycle",2030,"oil",NA
"combined cycle",2031,"oil",NA
"combined cycle",2032,"oil",NA
"combined cycle",2033,"oil",NA
"combined cycle",2034,"oil",NA
"combined cycle",2035,"oil",NA
"combined cycle",2036,"oil",NA
"combined cycle",2037,"oil",NA
"combined cycle",2038,"oil",NA
"combined cycle",2039,"oil",NA
"combined cycle",2040,"oil",NA
"combined cycle",2041,"oil",NA
"combined cycle",2042,"oil",NA
"combined cycle",2043,"oil",NA
"combined cycle",2044,"oil",NA
"combined cycle",2045,"oil",NA
"combined cycle",2046,"oil",NA
"combined cycle",2047,"oil",NA
"combined cycle",2048,"oil",NA
"combined cycle",2049,"oil",NA
"combined cycle",2050,"oil",NA
"combined cycle",2051,"oil",NA
"combined cycle",2052,"oil",NA
"combined cycle",2053,"oil",NA
"combined cycle",2054,"oil",NA
"combined cycle",2055,"oil",NA
"combined cycle",2056,"oil",NA
"combined cycle",2057,"oil",NA
"combined cycle",2058,"oil",NA
"combined cycle",2059,"oil",NA
"combined cycle",2060,"oil",NA
"combined cycle",2061,"oil",NA
"combined cycle",2062,"oil",NA
"combined cycle",2063,"oil",NA
"combined cycle",2064,"oil",NA
"combined cycle",2065,"oil",NA
"combined cycle",2066,"oil",NA
"combined cycle",2067,"oil",NA
"combined cycle",2068,"oil",NA
"combined cycle",2069,"oil",NA
"combined cycle",2070,"oil",NA
"combined cycle",2071,"oil",NA
"combined cycle",2072,"oil",NA
"combined cycle",2073,"oil",NA
"combined cycle",2074,"oil",NA
"combined cycle",2075,"oil",NA
"combined cycle",2076,"oil",NA
"combined cycle",2077,"oil",NA
"combined cycle",2078,"oil",NA
"combined cycle",2079,"oil",NA
"combined cycle",2080,"oil",NA
"combined cycle",2081,"oil",NA
"combined cycle",2082,"oil",NA
"combined cycle",2083,"oil",NA
"combined cycle",2084,"oil",NA
"combined cycle",2085,"oil",NA
"combined cycle",2086,"oil",NA
"combined cycle",2087,"oil",NA
"combined cycle",2088,"oil",NA
"combined cycle",2089,"oil",NA
"combined cycle",2090,"oil",NA
"combined cycle",2091,"oil",NA
"combined cycle",2092,"oil",NA
"combined cycle",2093,"oil",NA
"combined cycle",2094,"oil",NA
"combined cycle",2095,"oil",NA
"combined cycle",2096,"oil",NA
"combined cycle",2097,"oil",NA
"combined cycle",2098,"oil",NA
"combined cycle",2099,"oil",NA
"combined cycle",2100,"oil",NA
"combustion turbine",1990,"natural gas",NA
"combustion turbine",1991,"natural gas",12.5950254452983
"combustion turbine",1992,"natural gas",13.4573627180787
"combustion turbine",1993,"natural gas",14.5905728218643
"combustion turbine",1994,"natural gas",12.5477002437173
"combustion turbine",1995,"natural gas",11.0128060357001
"combustion turbine",1996,"natural gas",14.4776713457213
"combustion turbine",1997,"natural gas",14.9534195876608
"combustion turbine",1998,"natural gas",12.8045514918069
"combustion turbine",1999,"natural gas",13.6555018299845
"combustion turbine",2000,"natural gas",22.3761752559356
"combustion turbine",2001,"natural gas",22.8568170343085
"combustion turbine",2002,"natural gas",18.441956592935
"combustion turbine",2003,"natural gas",27.4260134686034
"combustion turbine",2004,"natural gas",29.2905261029323
"combustion turbine",2005,"natural gas",38.2506356744708
"combustion turbine",2006,"natural gas",32.6724479807947
"combustion turbine",2007,"natural gas",32.1141759171109
"combustion turbine",2008,"natural gas",38.603983840533
"combustion turbine",2009,"natural gas",22.6720923470658
"combustion turbine",2010,"natural gas",21.9111785570525
"combustion turbine",2011,"natural gas",19.5627812359683
"combustion turbine",2012,"natural gas",14.2013648671769
"combustion turbine",2013,"natural gas",16.5630190016904
"combustion turbine",2014,"natural gas",18.4702623456076
"combustion turbine",2015,"natural gas",NA
"combustion turbine",2016,"natural gas",NA
"combustion turbine",2017,"natural gas",NA
"combustion turbine",2018,"natural gas",NA
"combustion turbine",2019,"natural gas",NA
"combustion turbine",2020,"natural gas",NA
"combustion turbine",2021,"natural gas",NA
"combustion turbine",2022,"natural gas",NA
"combustion turbine",2023,"natural gas",NA
"combustion turbine",2024,"natural gas",NA
"combustion turbine",2025,"natural gas",NA
"combustion turbine",2026,"natural gas",NA
"combustion turbine",2027,"natural gas",NA
"combustion turbine",2028,"natural gas",NA
"combustion turbine",2029,"natural gas",NA
"combustion turbine",2030,"natural gas",NA
"combustion turbine",2031,"natural gas",NA
"combustion turbine",2032,"natural gas",NA
"combustion turbine",2033,"natural gas",NA
"combustion turbine",2034,"natural gas",NA
"combustion turbine",2035,"natural gas",NA
"combustion turbine",2036,"natural gas",NA
"combustion turbine",2037,"natural gas",NA
"combustion turbine",2038,"natural gas",NA
"combustion turbine",2039,"natural gas",NA
"combustion turbine",2040,"natural gas",NA
"combustion turbine",2041,"natural gas",NA
"combustion turbine",2042,"natural gas",NA
"combustion turbine",2043,"natural gas",NA
"combustion turbine",2044,"natural gas",NA
"combustion turbine",2045,"natural gas",NA
"combustion turbine",2046,"natural gas",NA
"combustion turbine",2047,"natural gas",NA
"combustion turbine",2048,"natural gas",NA
"combustion turbine",2049,"natural gas",NA
"combustion turbine",2050,"natural gas",NA
"combustion turbine",2051,"natural gas",NA
"combustion turbine",2052,"natural gas",NA
"combustion turbine",2053,"natural gas",NA
"combustion turbine",2054,"natural gas",NA
"combustion turbine",2055,"natural gas",NA
"combustion turbine",2056,"natural gas",NA
"combustion turbine",2057,"natural gas",NA
"combustion turbine",2058,"natural gas",NA
"combustion turbine",2059,"natural gas",NA
"combustion turbine",2060,"natural gas",NA
"combustion turbine",2061,"natural gas",NA
"combustion turbine",2062,"natural gas",NA
"combustion turbine",2063,"natural gas",NA
"combustion turbine",2064,"natural gas",NA
"combustion turbine",2065,"natural gas",NA
"combustion turbine",2066,"natural gas",NA
"combustion turbine",2067,"natural gas",NA
"combustion turbine",2068,"natural gas",NA
"combustion turbine",2069,"natural gas",NA
"combustion turbine",2070,"natural gas",NA
"combustion turbine",2071,"natural gas",NA
"combustion turbine",2072,"natural gas",NA
"combustion turbine",2073,"natural gas",NA
"combustion turbine",2074,"natural gas",NA
"combustion turbine",2075,"natural gas",NA
"combustion turbine",2076,"natural gas",NA
"combustion turbine",2077,"natural gas",NA
"combustion turbine",2078,"natural gas",NA
"combustion turbine",2079,"natural gas",NA
"combustion turbine",2080,"natural gas",NA
"combustion turbine",2081,"natural gas",NA
"combustion turbine",2082,"natural gas",NA
"combustion turbine",2083,"natural gas",NA
"combustion turbine",2084,"natural gas",NA
"combustion turbine",2085,"natural gas",NA
"combustion turbine",2086,"natural gas",NA
"combustion turbine",2087,"natural gas",NA
"combustion turbine",2088,"natural gas",NA
"combustion turbine",2089,"natural gas",NA
"combustion turbine",2090,"natural gas",NA
"combustion turbine",2091,"natural gas",NA
"combustion turbine",2092,"natural gas",NA
"combustion turbine",2093,"natural gas",NA
"combustion turbine",2094,"natural gas",NA
"combustion turbine",2095,"natural gas",NA
"combustion turbine",2096,"natural gas",NA
"combustion turbine",2097,"natural gas",NA
"combustion turbine",2098,"natural gas",NA
"combustion turbine",2099,"natural gas",NA
"combustion turbine",2100,"natural gas",NA
"combustion turbine",1990,"oil",NA
"combustion turbine",1991,"oil",14.3435501635829
"combustion turbine",1992,"oil",13.9854734356941
"combustion turbine",1993,"oil",12.9854647705113
"combustion turbine",1994,"oil",12.9682212350552
"combustion turbine",1995,"oil",13.6512425579916
"combustion turbine",1996,"oil",15.7933222350471
"combustion turbine",1997,"oil",14.1427139343868
"combustion turbine",1998,"oil",10.3965594820664
"combustion turbine",1999,"oil",12.1149113865704
"combustion turbine",2000,"oil",20.8637333412061
"combustion turbine",2001,"oil",18.0056472731706
"combustion turbine",2002,"oil",16.9656022341675
"combustion turbine",2003,"oil",20.8864835556546
"combustion turbine",2004,"oil",20.9332186016777
"combustion turbine",2005,"oil",30.4365515764628
"combustion turbine",2006,"oil",34.4884207028164
"combustion turbine",2007,"oil",37.4872446556696
"combustion turbine",2008,"oil",62.9579906190461
"combustion turbine",2009,"oil",41.7968715161356
"combustion turbine",2010,"oil",55.567639843233
"combustion turbine",2011,"oil",79.9462734982914
"combustion turbine",2012,"oil",86.2613320846713
"combustion turbine",2013,"oil",81.7441520681541
"combustion turbine",2014,"oil",76.5323854912665
"combustion turbine",2015,"oil",NA
"combustion turbine",2016,"oil",NA
"combustion turbine",2017,"oil",NA
"combustion turbine",2018,"oil",NA
"combustion turbine",2019,"oil",NA
"combustion turbine",2020,"oil",NA
"combustion turbine",2021,"oil",NA
"combustion turbine",2022,"oil",NA
"combustion turbine",2023,"oil",NA
"combustion turbine",2024,"oil",NA
"combustion turbine",2025,"oil",NA
"combustion turbine",2026,"oil",NA
"combustion turbine",2027,"oil",NA
"combustion turbine",2028,"oil",NA
"combustion turbine",2029,"oil",NA
"combustion turbine",2030,"oil",NA
"combustion turbine",2031,"oil",NA
"combustion turbine",2032,"oil",NA
"combustion turbine",2033,"oil",NA
"combustion turbine",2034,"oil",NA
"combustion turbine",2035,"oil",NA
"combustion turbine",2036,"oil",NA
"combustion turbine",2037,"oil",NA
"combustion turbine",2038,"oil",NA
"combustion turbine",2039,"oil",NA
"combustion turbine",2040,"oil",NA
"combustion turbine",2041,"oil",NA
"combustion turbine",2042,"oil",NA
"combustion turbine",2043,"oil",NA
"combustion turbine",2044,"oil",NA
"combustion turbine",2045,"oil",NA
"combustion turbine",2046,"oil",NA
"combustion turbine",2047,"oil",NA
"combustion turbine",2048,"oil",NA
"combustion turbine",2049,"oil",NA
"combustion turbine",2050,"oil",NA
"combustion turbine",2051,"oil",NA
"combustion turbine",2052,"oil",NA
"combustion turbine",2053,"oil",NA
"combustion turbine",2054,"oil",NA
"combustion turbine",2055,"oil",NA
"combustion turbine",2056,"oil",NA
"combustion turbine",2057,"oil",NA
"combustion turbine",2058,"oil",NA
"combustion turbine",2059,"oil",NA
"combustion turbine",2060,"oil",NA
"combustion turbine",2061,"oil",NA
"combustion turbine",2062,"oil",NA
"combustion turbine",2063,"oil",NA
"combustion turbine",2064,"oil",NA
"combustion turbine",2065,"oil",NA
"combustion turbine",2066,"oil",NA
"combustion turbine",2067,"oil",NA
"combustion turbine",2068,"oil",NA
"combustion turbine",2069,"oil",NA
"combustion turbine",2070,"oil",NA
"combustion turbine",2071,"oil",NA
"combustion turbine",2072,"oil",NA
"combustion turbine",2073,"oil",NA
"combustion turbine",2074,"oil",NA
"combustion turbine",2075,"oil",NA
"combustion turbine",2076,"oil",NA
"combustion turbine",2077,"oil",NA
"combustion turbine",2078,"oil",NA
"combustion turbine",2079,"oil",NA
"combustion turbine",2080,"oil",NA
"combustion turbine",2081,"oil",NA
"combustion turbine",2082,"oil",NA
"combustion turbine",2083,"oil",NA
"combustion turbine",2084,"oil",NA
"combustion turbine",2085,"oil",NA
"combustion turbine",2086,"oil",NA
"combustion turbine",2087,"oil",NA
"combustion turbine",2088,"oil",NA
"combustion turbine",2089,"oil",NA
"combustion turbine",2090,"oil",NA
"combustion turbine",2091,"oil",NA
"combustion turbine",2092,"oil",NA
"combustion turbine",2093,"oil",NA
"combustion turbine",2094,"oil",NA
"combustion turbine",2095,"oil",NA
"combustion turbine",2096,"oil",NA
"combustion turbine",2097,"oil",NA
"combustion turbine",2098,"oil",NA
"combustion turbine",2099,"oil",NA
"combustion turbine",2100,"oil",NA
"fuel cell",1990,"natural gas",NA
"fuel cell",1991,"natural gas",-121.1777284827
"fuel cell",1992,"natural gas",-115.387395851368
"fuel cell",1993,"natural gas",-110.926662355169
"fuel cell",1994,"natural gas",-84.0800109960237
"fuel cell",1995,"natural gas",-64.5824058071567
"fuel cell",1996,"natural gas",-73.6766524517573
"fuel cell",1997,"natural gas",-65.366280368806
"fuel cell",1998,"natural gas",-47.4819778317628
"fuel cell",1999,"natural gas",-42.2900315784971
"fuel cell",2000,"natural gas",-56.7260355446281
"fuel cell",2001,"natural gas",-46.1879028637639
"fuel cell",2002,"natural gas",-28.6243995703961
"fuel cell",2003,"natural gas",-30.9322473060074
"fuel cell",2004,"natural gas",-21.8721422093353
"fuel cell",2005,"natural gas",-15.6031323386776
"fuel cell",2006,"natural gas",-3.61964660842565
"fuel cell",2007,"natural gas",4.65744157101997
"fuel cell",2008,"natural gas",13.8829021748957
"fuel cell",2009,"natural gas",12.0805203541655
"fuel cell",2010,"natural gas",14.5539140470574
"fuel cell",2011,"natural gas",14.7316677697323
"fuel cell",2012,"natural gas",11.3362306535316
"fuel cell",2013,"natural gas",13.2244802979957
"fuel cell",2014,"natural gas",13.8862607478324
"fuel cell",2015,"natural gas",NA
"fuel cell",2016,"natural gas",NA
"fuel cell",2017,"natural gas",NA
"fuel cell",2018,"natural gas",NA
"fuel cell",2019,"natural gas",NA
"fuel cell",2020,"natural gas",NA
"fuel cell",2021,"natural gas",NA
"fuel cell",2022,"natural gas",NA
"fuel cell",2023,"natural gas",NA
"fuel cell",2024,"natural gas",NA
"fuel cell",2025,"natural gas",NA
"fuel cell",2026,"natural gas",NA
"fuel cell",2027,"natural gas",NA
"fuel cell",2028,"natural gas",NA
"fuel cell",2029,"natural gas",NA
"fuel cell",2030,"natural gas",NA
"fuel cell",2031,"natural gas",NA
"fuel cell",2032,"natural gas",NA
"fuel cell",2033,"natural gas",NA
"fuel cell",2034,"natural gas",NA
"fuel cell",2035,"natural gas",NA
"fuel cell",2036,"natural gas",NA
"fuel cell",2037,"natural gas",NA
"fuel cell",2038,"natural gas",NA
"fuel cell",2039,"natural gas",NA
"fuel cell",2040,"natural gas",NA
"fuel cell",2041,"natural gas",NA
"fuel cell",2042,"natural gas",NA
"fuel cell",2043,"natural gas",NA
"fuel cell",2044,"natural gas",NA
"fuel cell",2045,"natural gas",NA
"fuel cell",2046,"natural gas",NA
"fuel cell",2047,"natural gas",NA
"fuel cell",2048,"natural gas",NA
"fuel cell",2049,"natural gas",NA
"fuel cell",2050,"natural gas",NA
"fuel cell",2051,"natural gas",NA
"fuel cell",2052,"natural gas",NA
"fuel cell",2053,"natural gas",NA
"fuel cell",2054,"natural gas",NA
"fuel cell",2055,"natural gas",NA
"fuel cell",2056,"natural gas",NA
"fuel cell",2057,"natural gas",NA
"fuel cell",2058,"natural gas",NA
"fuel cell",2059,"natural gas",NA
"fuel cell",2060,"natural gas",NA
"fuel cell",2061,"natural gas",NA
"fuel cell",2062,"natural gas",NA
"fuel cell",2063,"natural gas",NA
"fuel cell",2064,"natural gas",NA
"fuel cell",2065,"natural gas",NA
"fuel cell",2066,"natural gas",NA
"fuel cell",2067,"natural gas",NA
"fuel cell",2068,"natural gas",NA
"fuel cell",2069,"natural gas",NA
"fuel cell",2070,"natural gas",NA
"fuel cell",2071,"natural gas",NA
"fuel cell",2072,"natural gas",NA
"fuel cell",2073,"natural gas",NA
"fuel cell",2074,"natural gas",NA
"fuel cell",2075,"natural gas",NA
"fuel cell",2076,"natural gas",NA
"fuel cell",2077,"natural gas",NA
"fuel cell",2078,"natural gas",NA
"fuel cell",2079,"natural gas",NA
"fuel cell",2080,"natural gas",NA
"fuel cell",2081,"natural gas",NA
"fuel cell",2082,"natural gas",NA
"fuel cell",2083,"natural gas",NA
"fuel cell",2084,"natural gas",NA
"fuel cell",2085,"natural gas",NA
"fuel cell",2086,"natural gas",NA
"fuel cell",2087,"natural gas",NA
"fuel cell",2088,"natural gas",NA
"fuel cell",2089,"natural gas",NA
"fuel cell",2090,"natural gas",NA
"fuel cell",2091,"natural gas",NA
"fuel cell",2092,"natural gas",NA
"fuel cell",2093,"natural gas",NA
"fuel cell",2094,"natural gas",NA
"fuel cell",2095,"natural gas",NA
"fuel cell",2096,"natural gas",NA
"fuel cell",2097,"natural gas",NA
"fuel cell",2098,"natural gas",NA
"fuel cell",2099,"natural gas",NA
"fuel cell",2100,"natural gas",NA
"geothermal",1990,"geothermal",NA
"geothermal",1991,"geothermal",NA
"geothermal",1992,"geothermal",NA
"geothermal",1993,"geothermal",NA
"geothermal",1994,"geothermal",NA
"geothermal",1995,"geothermal",NA
"geothermal",1996,"geothermal",NA
"geothermal",1997,"geothermal",NA
"geothermal",1998,"geothermal",NA
"geothermal",1999,"geothermal",NA
"geothermal",2000,"geothermal",NA
"geothermal",2001,"geothermal",NA
"geothermal",2002,"geothermal",NA
"geothermal",2003,"geothermal",NA
"geothermal",2004,"geothermal",NA
"geothermal",2005,"geothermal",NA
"geothermal",2006,"geothermal",NA
"geothermal",2007,"geothermal",NA
"geothermal",2008,"geothermal",NA
"geothermal",2009,"geothermal",NA
"geothermal",2010,"geothermal",NA
"geothermal",2011,"geothermal",NA
"geothermal",2012,"geothermal",NA
"geothermal",2013,"geothermal",NA
"geothermal",2014,"geothermal",NA
"geothermal",2015,"geothermal",NA
"geothermal",2016,"geothermal",NA
"geothermal",2017,"geothermal",NA
"geothermal",2018,"geothermal",NA
"geothermal",2019,"geothermal",NA
"geothermal",2020,"geothermal",NA
"geothermal",2021,"geothermal",NA
"geothermal",2022,"geothermal",NA
"geothermal",2023,"geothermal",NA
"geothermal",2024,"geothermal",NA
"geothermal",2025,"geothermal",NA
"geothermal",2026,"geothermal",NA
"geothermal",2027,"geothermal",NA
"geothermal",2028,"geothermal",NA
"geothermal",2029,"geothermal",NA
"geothermal",2030,"geothermal",NA
"geothermal",2031,"geothermal",NA
"geothermal",2032,"geothermal",NA
"geothermal",2033,"geothermal",NA
"geothermal",2034,"geothermal",NA
"geothermal",2035,"geothermal",NA
"geothermal",2036,"geothermal",NA
"geothermal",2037,"geothermal",NA
"geothermal",2038,"geothermal",NA
"geothermal",2039,"geothermal",NA
"geothermal",2040,"geothermal",NA
"geothermal",2041,"geothermal",NA
"geothermal",2042,"geothermal",NA
"geothermal",2043,"geothermal",NA
"geothermal",2044,"geothermal",NA
"geothermal",2045,"geothermal",NA
"geothermal",2046,"geothermal",NA
"geothermal",2047,"geothermal",NA
"geothermal",2048,"geothermal",NA
"geothermal",2049,"geothermal",NA
"geothermal",2050,"geothermal",NA
"geothermal",2051,"geothermal",NA
"geothermal",2052,"geothermal",NA
"geothermal",2053,"geothermal",NA
"geothermal",2054,"geothermal",NA
"geothermal",2055,"geothermal",NA
"geothermal",2056,"geothermal",NA
"geothermal",2057,"geothermal",NA
"geothermal",2058,"geothermal",NA
"geothermal",2059,"geothermal",NA
"geothermal",2060,"geothermal",NA
"geothermal",2061,"geothermal",NA
"geothermal",2062,"geothermal",NA
"geothermal",2063,"geothermal",NA
"geothermal",2064,"geothermal",NA
"geothermal",2065,"geothermal",NA
"geothermal",2066,"geothermal",NA
"geothermal",2067,"geothermal",NA
"geothermal",2068,"geothermal",NA
"geothermal",2069,"geothermal",NA
"geothermal",2070,"geothermal",NA
"geothermal",2071,"geothermal",NA
"geothermal",2072,"geothermal",NA
"geothermal",2073,"geothermal",NA
"geothermal",2074,"geothermal",NA
"geothermal",2075,"geothermal",NA
"geothermal",2076,"geothermal",NA
"geothermal",2077,"geothermal",NA
"geothermal",2078,"geothermal",NA
"geothermal",2079,"geothermal",NA
"geothermal",2080,"geothermal",NA
"geothermal",2081,"geothermal",NA
"geothermal",2082,"geothermal",NA
"geothermal",2083,"geothermal",NA
"geothermal",2084,"geothermal",NA
"geothermal",2085,"geothermal",NA
"geothermal",2086,"geothermal",NA
"geothermal",2087,"geothermal",NA
"geothermal",2088,"geothermal",NA
"geothermal",2089,"geothermal",NA
"geothermal",2090,"geothermal",NA
"geothermal",2091,"geothermal",NA
"geothermal",2092,"geothermal",NA
"geothermal",2093,"geothermal",NA
"geothermal",2094,"geothermal",NA
"geothermal",2095,"geothermal",NA
"geothermal",2096,"geothermal",NA
"geothermal",2097,"geothermal",NA
"geothermal",2098,"geothermal",NA
"geothermal",2099,"geothermal",NA
"geothermal",2100,"geothermal",NA
"hydro",1990,"water",NA
"hydro",1991,"water",NA
"hydro",1992,"water",NA
"hydro",1993,"water",NA
"hydro",1994,"water",NA
"hydro",1995,"water",NA
"hydro",1996,"water",NA
"hydro",1997,"water",NA
"hydro",1998,"water",NA
"hydro",1999,"water",NA
"hydro",2000,"water",NA
"hydro",2001,"water",NA
"hydro",2002,"water",NA
"hydro",2003,"water",NA
"hydro",2004,"water",NA
"hydro",2005,"water",NA
"hydro",2006,"water",NA
"hydro",2007,"water",NA
"hydro",2008,"water",NA
"hydro",2009,"water",NA
"hydro",2010,"water",NA
"hydro",2011,"water",NA
"hydro",2012,"water",NA
"hydro",2013,"water",NA
"hydro",2014,"water",NA
"hydro",2015,"water",NA
"hydro",2016,"water",NA
"hydro",2017,"water",NA
"hydro",2018,"water",NA
"hydro",2019,"water",NA
"hydro",2020,"water",NA
"hydro",2021,"water",NA
"hydro",2022,"water",NA
"hydro",2023,"water",NA
"hydro",2024,"water",NA
"hydro",2025,"water",NA
"hydro",2026,"water",NA
"hydro",2027,"water",NA
"hydro",2028,"water",NA
"hydro",2029,"water",NA
"hydro",2030,"water",NA
"hydro",2031,"water",NA
"hydro",2032,"water",NA
"hydro",2033,"water",NA
"hydro",2034,"water",NA
"hydro",2035,"water",NA
"hydro",2036,"water",NA
"hydro",2037,"water",NA
"hydro",2038,"water",NA
"hydro",2039,"water",NA
"hydro",2040,"water",NA
"hydro",2041,"water",NA
"hydro",2042,"water",NA
"hydro",2043,"water",NA
"hydro",2044,"water",NA
"hydro",2045,"water",NA
"hydro",2046,"water",NA
"hydro",2047,"water",NA
"hydro",2048,"water",NA
"hydro",2049,"water",NA
"hydro",2050,"water",NA
"hydro",2051,"water",NA
"hydro",2052,"water",NA
"hydro",2053,"water",NA
"hydro",2054,"water",NA
"hydro",2055,"water",NA
"hydro",2056,"water",NA
"hydro",2057,"water",NA
"hydro",2058,"water",NA
"hydro",2059,"water",NA
"hydro",2060,"water",NA
"hydro",2061,"water",NA
"hydro",2062,"water",NA
"hydro",2063,"water",NA
"hydro",2064,"water",NA
"hydro",2065,"water",NA
"hydro",2066,"water",NA
"hydro",2067,"water",NA
"hydro",2068,"water",NA
"hydro",2069,"water",NA
"hydro",2070,"water",NA
"hydro",2071,"water",NA
"hydro",2072,"water",NA
"hydro",2073,"water",NA
"hydro",2074,"water",NA
"hydro",2075,"water",NA
"hydro",2076,"water",NA
"hydro",2077,"water",NA
"hydro",2078,"water",NA
"hydro",2079,"water",NA
"hydro",2080,"water",NA
"hydro",2081,"water",NA
"hydro",2082,"water",NA
"hydro",2083,"water",NA
"hydro",2084,"water",NA
"hydro",2085,"water",NA
"hydro",2086,"water",NA
"hydro",2087,"water",NA
"hydro",2088,"water",NA
"hydro",2089,"water",NA
"hydro",2090,"water",NA
"hydro",2091,"water",NA
"hydro",2092,"water",NA
"hydro",2093,"water",NA
"hydro",2094,"water",NA
"hydro",2095,"water",NA
"hydro",2096,"water",NA
"hydro",2097,"water",NA
"hydro",2098,"water",NA
"hydro",2099,"water",NA
"hydro",2100,"water",NA
"nuclear",1990,"uranium",NA
"nuclear",1991,"uranium",NA
"nuclear",1992,"uranium",NA
"nuclear",1993,"uranium",NA
"nuclear",1994,"uranium",42.9273478346514
"nuclear",1995,"uranium",43.5883288328099
"nuclear",1996,"uranium",51.5628287939204
"nuclear",1997,"uranium",44.4563814796116
"nuclear",1998,"uranium",39.9321149566163
"nuclear",1999,"uranium",36.3808345936343
"nuclear",2000,"uranium",32.6894343943552
"nuclear",2001,"uranium",28.5291440435622
"nuclear",2002,"uranium",27.9358979222729
"nuclear",2003,"uranium",27.9377982258062
"nuclear",2004,"uranium",31.1208144827197
"nuclear",2005,"uranium",33.8236479416542
"nuclear",2006,"uranium",42.0680787037884
"nuclear",2007,"uranium",71.711898720138
"nuclear",2008,"uranium",98.2271374625773
"nuclear",2009,"uranium",97.6764335594187
"nuclear",2010,"uranium",104.42130128834
"nuclear",2011,"uranium",116.773079649747
"nuclear",2012,"uranium",115.057622864676
"nuclear",2013,"uranium",109.130962730921
"nuclear",2014,"uranium",97.3980078888118
"nuclear",2015,"uranium",94.5827208365203
"nuclear",2016,"uranium",NA
"nuclear",2017,"uranium",NA
"nuclear",2018,"uranium",NA
"nuclear",2019,"uranium",NA
"nuclear",2020,"uranium",NA
"nuclear",2021,"uranium",NA
"nuclear",2022,"uranium",NA
"nuclear",2023,"uranium",NA
"nuclear",2024,"uranium",NA
"nuclear",2025,"uranium",NA
"nuclear",2026,"uranium",NA
"nuclear",2027,"uranium",NA
"nuclear",2028,"uranium",NA
"nuclear",2029,"uranium",NA
"nuclear",2030,"uranium",NA
"nuclear",2031,"uranium",NA
"nuclear",2032,"uranium",NA
"nuclear",2033,"uranium",NA
"nuclear",2034,"uranium",NA
"nuclear",2035,"uranium",NA
"nuclear",2036,"uranium",NA
"nuclear",2037,"uranium",NA
"nuclear",2038,"uranium",NA
"nuclear",2039,"uranium",NA
"nuclear",2040,"uranium",NA
"nuclear",2041,"uranium",NA
"nuclear",2042,"uranium",NA
"nuclear",2043,"uranium",NA
"nuclear",2044,"uranium",NA
"nuclear",2045,"uranium",NA
"nuclear",2046,"uranium",NA
"nuclear",2047,"uranium",NA
"nuclear",2048,"uranium",NA
"nuclear",2049,"uranium",NA
"nuclear",2050,"uranium",NA
"nuclear",2051,"uranium",NA
"nuclear",2052,"uranium",NA
"nuclear",2053,"uranium",NA
"nuclear",2054,"uranium",NA
"nuclear",2055,"uranium",NA
"nuclear",2056,"uranium",NA
"nuclear",2057,"uranium",NA
"nuclear",2058,"uranium",NA
"nuclear",2059,"uranium",NA
"nuclear",2060,"uranium",NA
"nuclear",2061,"uranium",NA
"nuclear",2062,"uranium",NA
"nuclear",2063,"uranium",NA
"nuclear",2064,"uranium",NA
"nuclear",2065,"uranium",NA
"nuclear",2066,"uranium",NA
"nuclear",2067,"uranium",NA
"nuclear",2068,"uranium",NA
"nuclear",2069,"uranium",NA
"nuclear",2070,"uranium",NA
"nuclear",2071,"uranium",NA
"nuclear",2072,"uranium",NA
"nuclear",2073,"uranium",NA
"nuclear",2074,"uranium",NA
"nuclear",2075,"uranium",NA
"nuclear",2076,"uranium",NA
"nuclear",2077,"uranium",NA
"nuclear",2078,"uranium",NA
"nuclear",2079,"uranium",NA
"nuclear",2080,"uranium",NA
"nuclear",2081,"uranium",NA
"nuclear",2082,"uranium",NA
"nuclear",2083,"uranium",NA
"nuclear",2084,"uranium",NA
"nuclear",2085,"uranium",NA
"nuclear",2086,"uranium",NA
"nuclear",2087,"uranium",NA
"nuclear",2088,"uranium",NA
"nuclear",2089,"uranium",NA
"nuclear",2090,"uranium",NA
"nuclear",2091,"uranium",NA
"nuclear",2092,"uranium",NA
"nuclear",2093,"uranium",NA
"nuclear",2094,"uranium",NA
"nuclear",2095,"uranium",NA
"nuclear",2096,"uranium",NA
"nuclear",2097,"uranium",NA
"nuclear",2098,"uranium",NA
"nuclear",2099,"uranium",NA
"nuclear",2100,"uranium",NA
"photovoltaic",1990,"solar",NA
"photovoltaic",1991,"solar",NA
"photovoltaic",1992,"solar",NA
"photovoltaic",1993,"solar",NA
"photovoltaic",1994,"solar",NA
"photovoltaic",1995,"solar",NA
"photovoltaic",1996,"solar",NA
"photovoltaic",1997,"solar",NA
"photovoltaic",1998,"solar",NA
"photovoltaic",1999,"solar",NA
"photovoltaic",2000,"solar",NA
"photovoltaic",2001,"solar",NA
"photovoltaic",2002,"solar",NA
"photovoltaic",2003,"solar",NA
"photovoltaic",2004,"solar",NA
"photovoltaic",2005,"solar",NA
"photovoltaic",2006,"solar",NA
"photovoltaic",2007,"solar",NA
"photovoltaic",2008,"solar",NA
"photovoltaic",2009,"solar",NA
"photovoltaic",2010,"solar",NA
"photovoltaic",2011,"solar",NA
"photovoltaic",2012,"solar",NA
"photovoltaic",2013,"solar",NA
"photovoltaic",2014,"solar",NA
"photovoltaic",2015,"solar",NA
"photovoltaic",2016,"solar",NA
"photovoltaic",2017,"solar",NA
"photovoltaic",2018,"solar",NA
"photovoltaic",2019,"solar",NA
"photovoltaic",2020,"solar",NA
"photovoltaic",2021,"solar",NA
"photovoltaic",2022,"solar",NA
"photovoltaic",2023,"solar",NA
"photovoltaic",2024,"solar",NA
"photovoltaic",2025,"solar",NA
"photovoltaic",2026,"solar",NA
"photovoltaic",2027,"solar",NA
"photovoltaic",2028,"solar",NA
"photovoltaic",2029,"solar",NA
"photovoltaic",2030,"solar",NA
"photovoltaic",2031,"solar",NA
"photovoltaic",2032,"solar",NA
"photovoltaic",2033,"solar",NA
"photovoltaic",2034,"solar",NA
"photovoltaic",2035,"solar",NA
"photovoltaic",2036,"solar",NA
"photovoltaic",2037,"solar",NA
"photovoltaic",2038,"solar",NA
"photovoltaic",2039,"solar",NA
"photovoltaic",2040,"solar",NA
"photovoltaic",2041,"solar",NA
"photovoltaic",2042,"solar",NA
"photovoltaic",2043,"solar",NA
"photovoltaic",2044,"solar",NA
"photovoltaic",2045,"solar",NA
"photovoltaic",2046,"solar",NA
"photovoltaic",2047,"solar",NA
"photovoltaic",2048,"solar",NA
"photovoltaic",2049,"solar",NA
"photovoltaic",2050,"solar",NA
"photovoltaic",2051,"solar",NA
"photovoltaic",2052,"solar",NA
"photovoltaic",2053,"solar",NA
"photovoltaic",2054,"solar",NA
"photovoltaic",2055,"solar",NA
"photovoltaic",2056,"solar",NA
"photovoltaic",2057,"solar",NA
"photovoltaic",2058,"solar",NA
"photovoltaic",2059,"solar",NA
"photovoltaic",2060,"solar",NA
"photovoltaic",2061,"solar",NA
"photovoltaic",2062,"solar",NA
"photovoltaic",2063,"solar",NA
"photovoltaic",2064,"solar",NA
"photovoltaic",2065,"solar",NA
"photovoltaic",2066,"solar",NA
"photovoltaic",2067,"solar",NA
"photovoltaic",2068,"solar",NA
"photovoltaic",2069,"solar",NA
"photovoltaic",2070,"solar",NA
"photovoltaic",2071,"solar",NA
"photovoltaic",2072,"solar",NA
"photovoltaic",2073,"solar",NA
"photovoltaic",2074,"solar",NA
"photovoltaic",2075,"solar",NA
"photovoltaic",2076,"solar",NA
"photovoltaic",2077,"solar",NA
"photovoltaic",2078,"solar",NA
"photovoltaic",2079,"solar",NA
"photovoltaic",2080,"solar",NA
"photovoltaic",2081,"solar",NA
"photovoltaic",2082,"solar",NA
"photovoltaic",2083,"solar",NA
"photovoltaic",2084,"solar",NA
"photovoltaic",2085,"solar",NA
"photovoltaic",2086,"solar",NA
"photovoltaic",2087,"solar",NA
"photovoltaic",2088,"solar",NA
"photovoltaic",2089,"solar",NA
"photovoltaic",2090,"solar",NA
"photovoltaic",2091,"solar",NA
"photovoltaic",2092,"solar",NA
"photovoltaic",2093,"solar",NA
"photovoltaic",2094,"solar",NA
"photovoltaic",2095,"solar",NA
"photovoltaic",2096,"solar",NA
"photovoltaic",2097,"solar",NA
"photovoltaic",2098,"solar",NA
"photovoltaic",2099,"solar",NA
"photovoltaic",2100,"solar",NA
"solar thermal",1990,"solar",NA
"solar thermal",1991,"solar",NA
"solar thermal",1992,"solar",NA
"solar thermal",1993,"solar",NA
"solar thermal",1994,"solar",NA
"solar thermal",1995,"solar",NA
"solar thermal",1996,"solar",NA
"solar thermal",1997,"solar",NA
"solar thermal",1998,"solar",NA
"solar thermal",1999,"solar",NA
"solar thermal",2000,"solar",NA
"solar thermal",2001,"solar",NA
"solar thermal",2002,"solar",NA
"solar thermal",2003,"solar",NA
"solar thermal",2004,"solar",NA
"solar thermal",2005,"solar",NA
"solar thermal",2006,"solar",NA
"solar thermal",2007,"solar",NA
"solar thermal",2008,"solar",NA
"solar thermal",2009,"solar",NA
"solar thermal",2010,"solar",NA
"solar thermal",2011,"solar",NA
"solar thermal",2012,"solar",NA
"solar thermal",2013,"solar",NA
"solar thermal",2014,"solar",NA
"solar thermal",2015,"solar",NA
"solar thermal",2016,"solar",NA
"solar thermal",2017,"solar",NA
"solar thermal",2018,"solar",NA
"solar thermal",2019,"solar",NA
"solar thermal",2020,"solar",NA
"solar thermal",2021,"solar",NA
"solar thermal",2022,"solar",NA
"solar thermal",2023,"solar",NA
"solar thermal",2024,"solar",NA
"solar thermal",2025,"solar",NA
"solar thermal",2026,"solar",NA
"solar thermal",2027,"solar",NA
"solar thermal",2028,"solar",NA
"solar thermal",2029,"solar",NA
"solar thermal",2030,"solar",NA
"solar thermal",2031,"solar",NA
"solar thermal",2032,"solar",NA
"solar thermal",2033,"solar",NA
"solar thermal",2034,"solar",NA
"solar thermal",2035,"solar",NA
"solar thermal",2036,"solar",NA
"solar thermal",2037,"solar",NA
"solar thermal",2038,"solar",NA
"solar thermal",2039,"solar",NA
"solar thermal",2040,"solar",NA
"solar thermal",2041,"solar",NA
"solar thermal",2042,"solar",NA
"solar thermal",2043,"solar",NA
"solar thermal",2044,"solar",NA
"solar thermal",2045,"solar",NA
"solar thermal",2046,"solar",NA
"solar thermal",2047,"solar",NA
"solar thermal",2048,"solar",NA
"solar thermal",2049,"solar",NA
"solar thermal",2050,"solar",NA
"solar thermal",2051,"solar",NA
"solar thermal",2052,"solar",NA
"solar thermal",2053,"solar",NA
"solar thermal",2054,"solar",NA
"solar thermal",2055,"solar",NA
"solar thermal",2056,"solar",NA
"solar thermal",2057,"solar",NA
"solar thermal",2058,"solar",NA
"solar thermal",2059,"solar",NA
"solar thermal",2060,"solar",NA
"solar thermal",2061,"solar",NA
"solar thermal",2062,"solar",NA
"solar thermal",2063,"solar",NA
"solar thermal",2064,"solar",NA
"solar thermal",2065,"solar",NA
"solar thermal",2066,"solar",NA
"solar thermal",2067,"solar",NA
"solar thermal",2068,"solar",NA
"solar thermal",2069,"solar",NA
"solar thermal",2070,"solar",NA
"solar thermal",2071,"solar",NA
"solar thermal",2072,"solar",NA
"solar thermal",2073,"solar",NA
"solar thermal",2074,"solar",NA
"solar thermal",2075,"solar",NA
"solar thermal",2076,"solar",NA
"solar thermal",2077,"solar",NA
"solar thermal",2078,"solar",NA
"solar thermal",2079,"solar",NA
"solar thermal",2080,"solar",NA
"solar thermal",2081,"solar",NA
"solar thermal",2082,"solar",NA
"solar thermal",2083,"solar",NA
"solar thermal",2084,"solar",NA
"solar thermal",2085,"solar",NA
"solar thermal",2086,"solar",NA
"solar thermal",2087,"solar",NA
"solar thermal",2088,"solar",NA
"solar thermal",2089,"solar",NA
"solar thermal",2090,"solar",NA
"solar thermal",2091,"solar",NA
"solar thermal",2092,"solar",NA
"solar thermal",2093,"solar",NA
"solar thermal",2094,"solar",NA
"solar thermal",2095,"solar",NA
"solar thermal",2096,"solar",NA
"solar thermal",2097,"solar",NA
"solar thermal",2098,"solar",NA
"solar thermal",2099,"solar",NA
"solar thermal",2100,"solar",NA
"steam turbine",1990,"natural gas",NA
"steam turbine",1991,"natural gas",11.708892166302
"steam turbine",1992,"natural gas",12.3235830957254
"steam turbine",1993,"natural gas",13.1828206332141
"steam turbine",1994,"natural gas",11.203296949842
"steam turbine",1995,"natural gas",9.73199866291485
"steam turbine",1996,"natural gas",12.6821608334784
"steam turbine",1997,"natural gas",13.0042935568532
"steam turbine",1998,"natural gas",11.0717942703315
"steam turbine",1999,"natural gas",11.7576412831897
"steam turbine",2000,"natural gas",19.2134750359989
"steam turbine",2001,"natural gas",19.6015450664459
"steam turbine",2002,"natural gas",15.8191285960727
"steam turbine",2003,"natural gas",23.5660356147691
"steam turbine",2004,"natural gas",25.2492534085545
"steam turbine",2005,"natural gas",33.1291263884044
"steam turbine",2006,"natural gas",28.4747459139913
"steam turbine",2007,"natural gas",28.2061952279811
"steam turbine",2008,"natural gas",34.223094409167
"steam turbine",2009,"natural gas",20.3187390592926
"steam turbine",2010,"natural gas",19.8828109104742
"steam turbine",2011,"natural gas",18.0032333811119
"steam turbine",2012,"natural gas",13.27617195656
"steam turbine",2013,"natural gas",15.7556502909169
"steam turbine",2014,"natural gas",17.9090975869876
"steam turbine",2015,"natural gas",NA
"steam turbine",2016,"natural gas",NA
"steam turbine",2017,"natural gas",NA
"steam turbine",2018,"natural gas",NA
"steam turbine",2019,"natural gas",NA
"steam turbine",2020,"natural gas",NA
"steam turbine",2021,"natural gas",NA
"steam turbine",2022,"natural gas",NA
"steam turbine",2023,"natural gas",NA
"steam turbine",2024,"natural gas",NA
"steam turbine",2025,"natural gas",NA
"steam turbine",2026,"natural gas",NA
"steam turbine",2027,"natural gas",NA
"steam turbine",2028,"natural gas",NA
"steam turbine",2029,"natural gas",NA
"steam turbine",2030,"natural gas",NA
"steam turbine",2031,"natural gas",NA
"steam turbine",2032,"natural gas",NA
"steam turbine",2033,"natural gas",NA
"steam turbine",2034,"natural gas",NA
"steam turbine",2035,"natural gas",NA
"steam turbine",2036,"natural gas",NA
"steam turbine",2037,"natural gas",NA
"steam turbine",2038,"natural gas",NA
"steam turbine",2039,"natural gas",NA
"steam turbine",2040,"natural gas",NA
"steam turbine",2041,"natural gas",NA
"steam turbine",2042,"natural gas",NA
"steam turbine",2043,"natural gas",NA
"steam turbine",2044,"natural gas",NA
"steam turbine",2045,"natural gas",NA
"steam turbine",2046,"natural gas",NA
"steam turbine",2047,"natural gas",NA
"steam turbine",2048,"natural gas",NA
"steam turbine",2049,"natural gas",NA
"steam turbine",2050,"natural gas",NA
"steam turbine",2051,"natural gas",NA
"steam turbine",2052,"natural gas",NA
"steam turbine",2053,"natural gas",NA
"steam turbine",2054,"natural gas",NA
"steam turbine",2055,"natural gas",NA
"steam turbine",2056,"natural gas",NA
"steam turbine",2057,"natural gas",NA
"steam turbine",2058,"natural gas",NA
"steam turbine",2059,"natural gas",NA
"steam turbine",2060,"natural gas",NA
"steam turbine",2061,"natural gas",NA
"steam turbine",2062,"natural gas",NA
"steam turbine",2063,"natural gas",NA
"steam turbine",2064,"natural gas",NA
"steam turbine",2065,"natural gas",NA
"steam turbine",2066,"natural gas",NA
"steam turbine",2067,"natural gas",NA
"steam turbine",2068,"natural gas",NA
"steam turbine",2069,"natural gas",NA
"steam turbine",2070,"natural gas",NA
"steam turbine",2071,"natural gas",NA
"steam turbine",2072,"natural gas",NA
"steam turbine",2073,"natural gas",NA
"steam turbine",2074,"natural gas",NA
"steam turbine",2075,"natural gas",NA
"steam turbine",2076,"natural gas",NA
"steam turbine",2077,"natural gas",NA
"steam turbine",2078,"natural gas",NA
"steam turbine",2079,"natural gas",NA
"steam turbine",2080,"natural gas",NA
"steam turbine",2081,"natural gas",NA
"steam turbine",2082,"natural gas",NA
"steam turbine",2083,"natural gas",NA
"steam turbine",2084,"natural gas",NA
"steam turbine",2085,"natural gas",NA
"steam turbine",2086,"natural gas",NA
"steam turbine",2087,"natural gas",NA
"steam turbine",2088,"natural gas",NA
"steam turbine",2089,"natural gas",NA
"steam turbine",2090,"natural gas",NA
"steam turbine",2091,"natural gas",NA
"steam turbine",2092,"natural gas",NA
"steam turbine",2093,"natural gas",NA
"steam turbine",2094,"natural gas",NA
"steam turbine",2095,"natural gas",NA
"steam turbine",2096,"natural gas",NA
"steam turbine",2097,"natural gas",NA
"steam turbine",2098,"natural gas",NA
"steam turbine",2099,"natural gas",NA
"steam turbine",2100,"natural gas",NA
"steam turbine",1990,"oil",NA
"steam turbine",1991,"oil",14.429615115931
"steam turbine",1992,"oil",14.2449206613117
"steam turbine",1993,"oil",13.2396035260243
"steam turbine",1994,"oil",13.0841984164836
"steam turbine",1995,"oil",13.4682722427697
"steam turbine",1996,"oil",15.0432612539398
"steam turbine",1997,"oil",12.8231862827621
"steam turbine",1998,"oil",8.82919215588221
"steam turbine",1999,"oil",9.45270116634223
"steam turbine",2000,"oil",14.6024953868651
"steam turbine",2001,"oil",10.9543885349353
"steam turbine",2002,"oil",8.58407781776091
"steam turbine",2003,"oil",8.2071828075579
"steam turbine",2004,"oil",5.64437699945972
"steam turbine",2005,"oil",4.15225365196058
"steam turbine",2006,"oil",-0.217224636157671
"steam turbine",2007,"oil",-5.92662606330524
"steam turbine",2008,"oil",-20.0531365316616
"steam turbine",2009,"oil",-20.3582885074565
"steam turbine",2010,"oil",-36.8570305931652
"steam turbine",2011,"oil",-67.6841886664642
"steam turbine",2012,"oil",-89.4159596347087
"steam turbine",2013,"oil",-100.758001160245
"steam turbine",2014,"oil",-109.761388991981
"steam turbine",2015,"oil",NA
"steam turbine",2016,"oil",NA
"steam turbine",2017,"oil",NA
"steam turbine",2018,"oil",NA
"steam turbine",2019,"oil",NA
"steam turbine",2020,"oil",NA
"steam turbine",2021,"oil",NA
"steam turbine",2022,"oil",NA
"steam turbine",2023,"oil",NA
"steam turbine",2024,"oil",NA
"steam turbine",2025,"oil",NA
"steam turbine",2026,"oil",NA
"steam turbine",2027,"oil",NA
"steam turbine",2028,"oil",NA
"steam turbine",2029,"oil",NA
"steam turbine",2030,"oil",NA
"steam turbine",2031,"oil",NA
"steam turbine",2032,"oil",NA
"steam turbine",2033,"oil",NA
"steam turbine",2034,"oil",NA
"steam turbine",2035,"oil",NA
"steam turbine",2036,"oil",NA
"steam turbine",2037,"oil",NA
"steam turbine",2038,"oil",NA
"steam turbine",2039,"oil",NA
"steam turbine",2040,"oil",NA
"steam turbine",2041,"oil",NA
"steam turbine",2042,"oil",NA
"steam turbine",2043,"oil",NA
"steam turbine",2044,"oil",NA
"steam turbine",2045,"oil",NA
"steam turbine",2046,"oil",NA
"steam turbine",2047,"oil",NA
"steam turbine",2048,"oil",NA
"steam turbine",2049,"oil",NA
"steam turbine",2050,"oil",NA
"steam turbine",2051,"oil",NA
"steam turbine",2052,"oil",NA
"steam turbine",2053,"oil",NA
"steam turbine",2054,"oil",NA
"steam turbine",2055,"oil",NA
"steam turbine",2056,"oil",NA
"steam turbine",2057,"oil",NA
"steam turbine",2058,"oil",NA
"steam turbine",2059,"oil",NA
"steam turbine",2060,"oil",NA
"steam turbine",2061,"oil",NA
"steam turbine",2062,"oil",NA
"steam turbine",2063,"oil",NA
"steam turbine",2064,"oil",NA
"steam turbine",2065,"oil",NA
"steam turbine",2066,"oil",NA
"steam turbine",2067,"oil",NA
"steam turbine",2068,"oil",NA
"steam turbine",2069,"oil",NA
"steam turbine",2070,"oil",NA
"steam turbine",2071,"oil",NA
"steam turbine",2072,"oil",NA
"steam turbine",2073,"oil",NA
"steam turbine",2074,"oil",NA
"steam turbine",2075,"oil",NA
"steam turbine",2076,"oil",NA
"steam turbine",2077,"oil",NA
"steam turbine",2078,"oil",NA
"steam turbine",2079,"oil",NA
"steam turbine",2080,"oil",NA
"steam turbine",2081,"oil",NA
"steam turbine",2082,"oil",NA
"steam turbine",2083,"oil",NA
"steam turbine",2084,"oil",NA
"steam turbine",2085,"oil",NA
"steam turbine",2086,"oil",NA
"steam turbine",2087,"oil",NA
"steam turbine",2088,"oil",NA
"steam turbine",2089,"oil",NA
"steam turbine",2090,"oil",NA
"steam turbine",2091,"oil",NA
"steam turbine",2092,"oil",NA
"steam turbine",2093,"oil",NA
"steam turbine",2094,"oil",NA
"steam turbine",2095,"oil",NA
"steam turbine",2096,"oil",NA
"steam turbine",2097,"oil",NA
"steam turbine",2098,"oil",NA
"steam turbine",2099,"oil",NA
"steam turbine",2100,"oil",NA
"wind",1990,"wind",NA
"wind",1991,"wind",NA
"wind",1992,"wind",NA
"wind",1993,"wind",NA
"wind",1994,"wind",NA
"wind",1995,"wind",NA
"wind",1996,"wind",NA
"wind",1997,"wind",NA
"wind",1998,"wind",NA
"wind",1999,"wind",NA
"wind",2000,"wind",NA
"wind",2001,"wind",NA
"wind",2002,"wind",NA
"wind",2003,"wind",NA
"wind",2004,"wind",NA
"wind",2005,"wind",NA
"wind",2006,"wind",NA
"wind",2007,"wind",NA
"wind",2008,"wind",NA
"wind",2009,"wind",NA
"wind",2010,"wind",NA
"wind",2011,"wind",NA
"wind",2012,"wind",NA
"wind",2013,"wind",NA
"wind",2014,"wind",NA
"wind",2015,"wind",NA
"wind",2016,"wind",NA
"wind",2017,"wind",NA
"wind",2018,"wind",NA
"wind",2019,"wind",NA
"wind",2020,"wind",NA
"wind",2021,"wind",NA
"wind",2022,"wind",NA
"wind",2023,"wind",NA
"wind",2024,"wind",NA
"wind",2025,"wind",NA
"wind",2026,"wind",NA
"wind",2027,"wind",NA
"wind",2028,"wind",NA
"wind",2029,"wind",NA
"wind",2030,"wind",NA
"wind",2031,"wind",NA
"wind",2032,"wind",NA
"wind",2033,"wind",NA
"wind",2034,"wind",NA
"wind",2035,"wind",NA
"wind",2036,"wind",NA
"wind",2037,"wind",NA
"wind",2038,"wind",NA
"wind",2039,"wind",NA
"wind",2040,"wind",NA
"wind",2041,"wind",NA
"wind",2042,"wind",NA
"wind",2043,"wind",NA
"wind",2044,"wind",NA
"wind",2045,"wind",NA
"wind",2046,"wind",NA
"wind",2047,"wind",NA
"wind",2048,"wind",NA
"wind",2049,"wind",NA
"wind",2050,"wind",NA
"wind",2051,"wind",NA
"wind",2052,"wind",NA
"wind",2053,"wind",NA
"wind",2054,"wind",NA
"wind",2055,"wind",NA
"wind",2056,"wind",NA
"wind",2057,"wind",NA
"wind",2058,"wind",NA
"wind",2059,"wind",NA
"wind",2060,"wind",NA
"wind",2061,"wind",NA
"wind",2062,"wind",NA
"wind",2063,"wind",NA
"wind",2064,"wind",NA
"wind",2065,"wind",NA
"wind",2066,"wind",NA
"wind",2067,"wind",NA
"wind",2068,"wind",NA
"wind",2069,"wind",NA
"wind",2070,"wind",NA
"wind",2071,"wind",NA
"wind",2072,"wind",NA
"wind",2073,"wind",NA
"wind",2074,"wind",NA
"wind",2075,"wind",NA
"wind",2076,"wind",NA
"wind",2077,"wind",NA
"wind",2078,"wind",NA
"wind",2079,"wind",NA
"wind",2080,"wind",NA
"wind",2081,"wind",NA
"wind",2082,"wind",NA
"wind",2083,"wind",NA
"wind",2084,"wind",NA
"wind",2085,"wind",NA
"wind",2086,"wind",NA
"wind",2087,"wind",NA
"wind",2088,"wind",NA
"wind",2089,"wind",NA
"wind",2090,"wind",NA
"wind",2091,"wind",NA
"wind",2092,"wind",NA
"wind",2093,"wind",NA
"wind",2094,"wind",NA
"wind",2095,"wind",NA
"wind",2096,"wind",NA
"wind",2097,"wind",NA
"wind",2098,"wind",NA
"wind",2099,"wind",NA
"wind",2100,"wind",NA
